logTimeStamp,logId,rel_time_ms,remote->local,log_id,timestamp_ms,pacing_rate,MSS,cwnd,snd_wnd,ssthresh,srtt,rttVar,rto,rto_boff,tx_fifo_size,bytes_acked,snd_space,rxt_delivered,prr_delivered,rcv_dupacks,dupacks_in,delivered,appLimited,sndUna,maxSndNxt,delivered_time,caState,sack.last_bytes.delivered,sack.rxt_sacked,sack.sacked_bytes,sack.last_sacked_bytes,sack.last_lost_bytes,sack.lost_bytes,snd_rxt_bytes,tcp_flight_size,cc_space,flags,fast_retrans_count,rto_count,segs_retrans,bytes_retrans,sack_reneging,min_rtt_us,min_rtt_timestamp_ms,probe_rtt_done_stamp_ms,srtt_rttvar,bw[0].t,bw[0].v,bw[1].t,bw[1].v,bw[2].t,bw[2].v,rtt_count,next_rtt_delivered,cycle_mstamp_ms,current_mode,prev_ca_state,packet_consrv_mode,restore_cwnd,round_start,max_rtt,idle_restart,max_bw,probe_rtt_round_done,is_long_term_sampling,lt_rtt_count,use_long_term_bw,long_term_bw,long_term_last_delivered,long_term_last_mstamp,long_term_last_lost,tcp_pacing_gain,cwnd_gain,full_bw_reached,full_bw_cnt,cycle_index,has_seen_rtt,prior_cwnd,full_bw,ack_epoch_mstamp,extra_acked[0],extra_acked[1],ack_epoch_acked,extra_acked_win_rtts,extra_acked_win_idx,prior_in_flight,rtt_congested,loss_rate_exceeded,high_rtt_exceeded,v2_enabled,dyn_pacing_boost_active,max_bw_short,max_bw_long,loss_rate_exceeded_cnt,loss_timestamp_ms,inflight_hi,target_cwnd
06:57:45,60,0,49669->443,RECOVERED:0x2ba0a4bc8030,723904,1448,46336,126976,63712,122,23,214,0,2097152,24616,1448,0,0,0,30,55091,0,586907611,586936571,848.205747,3,0,1448,0,0,0,0,0,28960,17376,0x208,1,1,3,4153,0,121000,603531780,0,99,2,3355,2,3355,2,3355,2,13099,848197717,2,3,1,0,0,0,0,3355,0,1,0,0,0,11651,848044,1257,640,512,1,0,3,1,63712,139,848031746,17,0,50,3,0,24616,0,1,0,0,7,3296,2683,0,603531780,0
06:57:45,508,0,49669->443,RECOVERED:0x2ba0a4bc8030,758535,1448,186792,454528,63712,226,21,310,0,2097152,99912,1448,0,0,0,132,518451,0,587370971,587433235,849.068674,3,0,1448,0,0,0,0,0,62264,124528,0x208,2,1,42,60625,0,121000,603531780,0,205,5,7031,5,7031,5,7031,5,318627,849015705,2,3,1,0,0,0,0,7031,0,1,3,0,0,11651,848044,1257,320,460,1,0,0,1,199824,139,848699681,33,0,181,6,0,62264,0,1,0,0,5,7031,7031,1,603533235,0
06:57:45,732,0,49669->443,RECOVERED:0x2ba0a4bc8030,606828,1448,198376,812544,63712,130,5,200,0,2097152,60816,1448,0,0,0,202,734203,0,587586723,587648987,849.467704,3,0,1448,0,0,0,0,0,62264,136112,0x208,3,1,46,66417,0,121000,603531780,0,125,5,7031,8,6678,8,6678,8,722619,849427682,2,3,0,0,0,0,0,7031,0,1,6,0,0,11651,848044,1257,256,460,1,0,3,1,198376,139,848699681,112,0,428,9,0,78192,0,1,0,0,5,7031,7031,1,603533235,0
06:57:45,824,0,49669->443,RECOVERED:0x2ba0a4bc8030,606828,1448,123080,832640,63712,122,1,200,0,2097152,65160,1448,0,0,0,246,832667,0,587685187,587747451,849.658869,3,0,1448,0,0,0,0,0,62264,60816,0x208,4,1,47,67865,0,121000,603531780,0,121,5,7031,8,6678,8,6678,8,771851,849549686,2,3,1,0,0,0,0,7031,0,1,6,0,0,11651,848044,1257,256,460,1,0,4,1,198376,139,848699681,149,0,537,9,0,78192,0,1,0,0,5,7031,7031,1,603533235,0
06:57:45,1179,0,49669->443,RECOVERED:0x2ba0a4bc8030,606828,1448,198376,897792,63712,122,1,200,0,2097152,1448,1448,0,0,0,357,1298923,0,588151443,588212259,850.516707,3,0,0,0,0,0,0,0,60816,137560,0x208,5,1,51,73657,0,121000,603531780,0,121,5,7031,14,7001,15,5818,15,1261275,850394686,2,3,0,0,0,0,0,7031,0,1,13,0,0,11651,848044,1257,256,460,1,0,3,1,198376,139,848699681,181,255,1013,6,1,60816,0,1,0,0,5,7031,7031,1,603533235,0
06:57:45,1286,0,49669->443,RECOVERED:0x2ba0a4bc8030,546585,1448,178104,897792,63712,122,1,200,0,2097152,65160,1448,0,0,0,424,1446619,0,588299139,588359955,850.811700,3,0,1448,0,0,0,0,0,60816,117288,0x208,6,1,54,78001,0,121000,603531780,0,121,16,6333,16,6333,16,6333,17,1416211,850762703,2,3,0,0,0,0,0,6333,0,1,15,0,0,11651,848044,1257,256,460,1,0,6,1,195480,139,848699681,181,369,1139,8,1,60816,0,1,0,0,5,6333,6317,2,603535196,0
06:57:45,1448,0,49669->443,RECOVERED:0x2ba0a4bc8030,683231,1448,178104,897792,63712,122,1,200,0,2097152,1448,1448,0,0,0,515,1634859,0,588487379,588549643,851.197726,3,0,0,0,0,0,0,0,62264,115840,0x208,7,1,59,85241,0,121000,603531780,0,121,16,6333,20,5954,20,5954,20,1603003,851008708,2,3,0,0,0,0,0,6333,0,1,1,0,0,1550875,851031,82345,320,460,1,0,0,1,178104,139,848699681,465,402,1405,1,0,62264,0,1,0,0,5,6333,6333,2,603535196,0
06:57:45,1497,0,49669->443,RECOVERED:0x2ba0a4bc8030,546585,1448,124528,831232,63712,122,1,200,0,2097152,66608,1448,0,0,0,560,1701467,0,588553987,588616251,851.332794,3,0,1448,0,0,0,0,0,62264,62264,0x208,8,1,60,86689,0,121000,603531780,0,121,16,6333,20,5954,20,5954,20,1639203,851208745,2,3,1,0,0,0,0,6333,0,1,1,0,0,1550875,851031,82345,256,460,1,0,2,1,178104,139,848699681,465,402,1451,1,0,60816,0,1,0,0,5,6333,6333,2,603535196,0
06:57:45,1553,0,49669->443,RECOVERED:0x2ba0a4bc8030,546585,1448,123080,832640,63712,122,1,200,0,2097152,65160,1448,0,0,0,604,1772419,0,588624939,588687203,851.478717,3,0,1448,0,0,0,0,0,62264,60816,0x208,9,1,61,88137,0,121000,603531780,0,121,16,6333,20,5954,20,5954,21,1711603,851459741,2,3,1,0,0,0,0,6333,0,1,2,0,0,1550875,851031,82345,256,460,1,0,4,1,178104,139,848699681,504,402,1545,2,0,60816,0,1,0,0,5,6333,6333,2,603535196,0
06:57:45,2163,0,49669->443,RECOVERED:0x2ba0a4bc8030,632094,1448,165072,897792,63712,122,1,200,0,2097152,1448,1448,0,0,0,1051,2544203,0,589396723,589458987,853.074692,3,0,0,0,0,0,0,0,62264,102808,0x208,11,2,84,121441,0,121000,603531780,0,121,26,5859,33,5770,33,5770,33,2522483,852977696,2,3,0,0,0,0,0,5859,0,1,15,0,0,1550875,851031,82345,320,460,1,0,0,1,178104,0,848699681,875,1045,2571,4,1,62264,0,1,0,0,5,5859,5859,3,603536534,0
06:57:45,2221,0,49669->443,RECOVERED:0x2ba0a4bc8030,1273683,1448,75296,825600,63712,122,1,200,0,2097152,63712,1448,0,0,0,1097,2620947,0,589473467,589534283,853.232713,3,0,1448,0,0,0,0,0,60816,14480,0x208,12,2,87,125785,0,121000,603531780,0,121,33,5903,33,5903,33,5903,34,2616603,853111707,2,3,0,0,0,0,0,5903,0,1,16,0,0,1550875,851031,82345,640,512,1,0,2,1,165072,0,848699681,875,1045,2629,5,1,62264,0,1,0,0,4,5894,5874,0,603537622,0
06:57:45,2624,0,49669->443,RECOVERED:0x2ba0a4bc8030,756809,1448,209960,832768,63712,225,21,309,0,2097152,62264,1448,0,0,0,1241,3097339,0,589949859,590012123,854.093720,3,0,1448,0,0,0,0,0,62264,147696,0x208,13,2,130,188049,0,121000,603531780,0,204,36,7015,36,7015,36,7015,37,3035075,854017717,2,3,0,0,0,0,0,7015,0,1,1,0,0,2829459,853600,125785,320,512,1,0,0,1,208512,0,848699681,875,1080,3103,8,1,62264,0,1,0,0,0,7015,7015,0,603537622,0
06:57:45,2718,0,49669->443,RECOVERED:0x2ba0a4bc8030,605447,1448,104256,807808,63712,134,20,214,0,2097152,63712,1448,0,0,0,1299,3213179,0,590065699,590127963,854.331731,3,0,1448,0,0,0,0,0,62264,41992,0x208,14,2,133,192393,0,121000,603531780,0,114,36,7015,39,5818,39,5818,39,3195803,854267719,2,3,0,0,0,0,0,7015,0,1,3,0,0,2829459,853600,125785,256,512,1,0,3,1,212856,0,848699681,894,1080,3243,0,0,68056,0,1,0,0,0,7015,7015,0,603537622,0
06:57:45,2945,0,49669->443,RECOVERED:0x2ba0a4bc8030,574808,1448,186792,814848,63712,122,1,200,0,2097152,59368,1448,0,0,0,1430,3486851,0,590339371,590401635,854.869704,3,0,1448,0,0,0,0,0,62264,124528,0x208,15,2,139,201081,0,121000,603531780,0,121,40,6660,40,6660,40,6660,42,3428931,854763687,2,3,0,0,0,0,0,6660,0,1,6,0,0,2829459,853600,125785,256,460,1,0,7,1,212856,0,848699681,1118,1080,3564,3,0,68056,0,1,0,0,0,6660,6661,1,603539210,0
06:57:45,3102,0,49669->443,RECOVERED:0x2ba0a4bc8030,607000,1448,175208,805248,63712,126,5,200,0,2097152,91224,1448,0,0,0,1492,3691019,0,590543539,590604355,855.229715,3,0,1448,0,0,0,0,0,60816,114392,0x208,16,2,141,203977,0,121000,603531780,0,121,44,7033,44,7033,44,7033,44,3602691,855109707,2,3,1,0,0,0,0,7033,0,1,8,0,0,2829459,853600,125785,256,460,1,0,2,1,185344,0,848699681,1156,1080,3745,5,0,73848,0,1,0,0,0,7033,7028,1,603539210,0
06:57:45,3237,0,49669->443,RECOVERED:0x2ba0a4bc8030,607000,1448,144800,821248,63712,123,2,200,0,2097152,73848,1448,0,0,0,1543,3863331,0,590715851,590778115,855.564734,3,0,1448,0,0,0,0,0,62264,82536,0x208,17,2,143,206873,0,121000,603531780,0,121,44,7033,44,7033,44,7033,46,3790931,855478725,2,3,1,0,0,0,0,7033,0,1,10,0,0,2829459,853600,125785,256,460,1,0,5,1,198376,0,848699681,1156,1080,3927,7,0,73848,0,1,0,0,0,7033,7033,1,603539210,0
06:57:45,3380,0,49669->443,RECOVERED:0x2ba0a4bc8030,642343,1448,169416,812544,63712,123,1,200,0,2097152,60816,1448,0,0,0,1672,4060259,0,590912779,590975043,855.970736,3,0,1448,0,0,0,0,0,62264,107152,0x208,18,2,149,215561,0,121000,603531780,0,122,47,5954,50,5671,50,5671,50,4053019,855846708,2,3,0,0,0,0,0,5954,0,1,14,0,0,2829459,853600,125785,320,460,1,0,0,1,198376,0,848699681,1605,1626,4202,1,1,62264,0,1,0,0,0,5954,5957,2,603540290,0
06:57:45,3522,0,49669->443,RECOVERED:0x2ba0a4bc8030,604238,1448,150592,818176,63712,123,2,200,0,2097152,79640,1448,0,0,0,1726,4241259,0,591093779,591153147,856.291702,3,0,1448,0,0,0,0,0,59368,91224,0x208,19,2,150,217009,0,121000,603531780,0,121,51,7001,51,7001,51,7001,51,4165963,856179706,2,3,1,0,0,0,0,7001,0,1,15,0,0,2829459,853600,125785,256,460,1,0,2,1,169416,0,848699681,1605,1667,4368,2,1,68056,0,1,0,0,8,6966,6928,2,603540290,0
06:57:45,3782,0,49669->443,RECOVERED:0x2ba0a4bc8030,755298,1448,150592,822528,63712,122,1,200,0,2097152,65160,1448,0,0,0,1776,4594571,0,591447091,591509355,856.941714,3,0,1448,0,0,0,0,0,62264,88328,0x208,20,2,152,219905,0,121000,603531780,0,121,51,7001,55,6713,55,6713,55,4523619,856920694,2,3,1,0,0,0,0,7001,0,1,0,0,0,4522171,856800,217009,320,460,1,0,0,1,195480,0,848699681,1605,1667,4672,6,1,62264,0,1,0,0,8,7001,7001,2,603540290,0
06:57:45,4069,0,49669->443,RECOVERED:0x2ba0a4bc8030,606569,1448,198376,807808,63712,126,5,200,0,2097152,63712,1448,0,0,0,1976,4986979,0,591839499,591901763,857.702682,3,0,1448,0,0,0,0,0,62264,136112,0x208,21,2,159,230041,0,121000,603531780,0,121,57,7028,61,5819,61,5819,61,4962363,857645699,2,3,0,0,0,0,0,7028,0,1,6,0,0,4522171,856800,217009,256,460,1,0,6,1,195480,0,848699681,1383,1667,5146,3,0,76744,0,1,0,0,8,7028,7028,3,603541707,0
06:57:45,4253,0,49669->443,RECOVERED:0x2ba0a4bc8030,606569,1448,198376,807808,63712,123,1,200,0,2097152,63712,1448,0,0,0,2042,5227347,0,592079867,592140683,858.151703,3,0,1448,0,0,0,0,0,60816,137560,0x208,22,2,162,234385,0,121000,603531780,0,122,57,7028,64,6924,64,5818,64,5215763,858030706,2,3,0,0,0,0,0,7028,0,1,9,0,0,4522171,856800,217009,256,460,1,0,2,1,198376,0,848699681,1429,1667,5378,6,0,60816,0,1,0,0,8,7028,7028,3,603541707,0
06:57:45,4450,0,49669->443,RECOVERED:0x2ba0a4bc8030,606569,1448,212856,832640,63712,122,1,200,0,2097152,65160,1448,0,0,0,2189,5476403,0,592328923,592391187,858.659707,3,0,1448,0,0,0,0,0,62264,150592,0x208,23,2,169,244521,0,121000,603531780,0,121,57,7028,64,6924,66,5953,67,5427171,858535716,2,3,0,0,0,0,0,7028,0,1,12,0,0,4522171,856800,217009,256,512,1,0,6,1,198376,0,848699681,1541,1667,5697,9,0,60816,0,1,0,0,6,7028,7028,0,603542805,0
06:57:45,4510,0,49669->443,RECOVERED:0x2ba0a4bc8030,1493983,1448,63712,832640,63712,122,1,200,0,2097152,65160,1448,0,0,0,2233,5550251,0,592402771,592465035,858.807685,3,0,1448,0,0,0,0,0,62264,1448,0x208,24,2,170,245969,0,121000,603531780,0,121,64,6924,66,5953,68,5820,68,5489435,858785700,2,3,1,0,0,0,0,6924,0,1,13,0,0,4522171,856800,217009,640,512,1,0,0,1,209960,0,848699681,1570,1631,5792,0,1,62264,0,1,0,0,4,6924,6926,0,603542805,0
06:57:45,5022,0,49669->443,RECOVERED:0x2ba0a4bc8030,605878,1448,195480,829184,63712,201,21,285,0,2097152,50680,1448,0,0,0,2509,6178683,0,593031203,593093467,860.006674,3,0,1448,0,0,0,0,0,62264,133216,0x208,26,3,268,387873,0,121000,603531780,0,180,72,7020,72,7020,72,7020,73,6135243,859891685,2,3,0,0,0,0,0,7020,0,1,1,0,0,6019403,859722,371945,256,460,1,0,7,1,195480,0,848699681,1570,1758,6481,5,1,192584,0,1,0,0,1,7020,7020,1,603543808,0
06:57:45,5105,0,49669->443,RECOVERED:0x2ba0a4bc8030,757348,1448,195480,810112,63712,167,47,355,0,2097152,62264,1448,0,0,0,2576,6285835,0,593138355,593200619,860.229702,3,0,1448,0,0,0,0,0,62264,133216,0x208,27,3,273,395113,0,121000,603531780,0,120,72,7020,72,7020,72,7020,74,6251083,860013687,2,3,0,0,0,0,0,7020,0,1,2,0,0,6019403,859722,371945,320,460,1,0,0,1,195480,0,848699681,1570,1795,6614,6,1,62264,0,1,0,0,1,7020,7020,1,603543808,0
06:57:45,5287,0,49669->443,RECOVERED:0x2ba0a4bc8030,606655,1448,198376,814848,63712,124,1,200,0,2097152,59368,1448,0,0,0,2664,6488555,0,593341075,593400443,860.611712,3,0,1448,0,0,0,0,0,59368,139008,0x208,28,3,279,403801,0,121000,603531780,0,123,75,7029,75,7029,75,7029,76,6449459,860528703,2,3,0,0,0,0,0,7029,0,1,4,0,0,6019403,859722,371945,256,460,1,0,3,1,195480,0,848699681,1570,1855,6844,8,1,76744,0,1,0,0,1,7029,7028,2,603545000,0
06:57:45,5410,0,49669->443,RECOVERED:0x2ba0a4bc8030,606655,1448,198376,776576,63712,123,1,200,0,2097152,88328,1448,0,0,0,2760,6643491,0,593496011,593558275,860.935696,3,0,1448,0,0,0,0,0,62264,136112,0x208,29,3,284,411041,0,121000,603531780,0,122,75,7029,79,5820,79,5820,79,6626115,860893693,2,3,0,0,0,0,0,7029,0,1,7,0,0,6019403,859722,371945,256,460,1,0,6,1,198376,0,848699681,1910,1895,7025,1,0,76744,0,1,0,0,1,7029,7029,2,603545000,0
06:57:45,5470,0,49669->443,RECOVERED:0x2ba0a4bc8030,606655,1448,123080,832640,63712,122,1,200,0,2097152,65160,1448,0,0,0,2804,6717339,0,593569859,593632123,861.083698,3,0,1448,0,0,0,0,0,62264,60816,0x208,30,3,285,412489,0,121000,603531780,0,121,75,7029,79,5820,79,5820,79,6656523,861014696,2,3,1,0,0,0,0,7029,0,1,7,0,0,6019403,859722,371945,256,460,1,0,7,1,198376,0,848699681,1960,1895,7136,1,0,76744,0,1,0,0,1,7029,7029,2,603545000,0
06:57:45,5595,0,49669->443,RECOVERED:0x2ba0a4bc8030,606655,1448,198376,810112,63712,123,3,200,0,2097152,62264,1448,0,0,0,2868,6870827,0,593723347,593785611,861.388688,3,0,1448,0,0,0,0,0,62264,136112,0x208,31,3,289,418281,0,121000,603531780,0,120,75,7029,80,6445,81,6089,81,6856347,861267705,2,3,0,0,0,0,0,7029,0,1,9,0,0,6019403,859722,371945,256,460,1,0,2,1,198376,0,848699681,1999,1895,7308,3,0,60816,0,1,0,0,1,7029,7029,2,603545000,0
06:57:45,5714,0,49669->443,RECOVERED:0x2ba0a4bc8030,525526,1448,170864,835584,63712,123,1,200,0,2097152,62264,1448,0,0,0,2957,7018523,0,593871043,593933307,861.689685,3,0,1448,0,0,0,0,0,62264,108600,0x208,32,3,293,424073,0,121000,603531780,0,122,81,6089,81,6089,81,6089,83,7014179,861638720,2,3,0,0,0,0,0,6089,0,1,11,0,0,6019403,859722,371945,256,460,1,0,5,1,198376,0,848699681,2790,1895,7498,5,0,60816,0,1,0,0,1,6089,6092,3,603546022,0
06:57:45,5805,0,49669->443,RECOVERED:0x2ba0a4bc8030,525526,1448,163624,812544,63712,122,1,200,0,2097152,63712,1448,0,0,0,3014,7124227,0,593976747,594039011,861.903691,3,0,1448,0,0,0,0,0,62264,101360,0x208,33,3,296,428417,0,121000,603531780,0,121,81,6089,84,5818,84,5818,84,7105403,861886688,2,3,0,0,0,0,0,6089,0,1,12,0,0,6019403,859722,371945,256,460,1,0,7,1,170864,0,848699681,2837,1895,7627,6,0,60816,0,1,0,0,1,6089,6089,3,603546022,0
06:57:45,5900,0,49669->443,RECOVERED:0x2ba0a4bc8030,656908,1448,166520,811008,63712,122,1,200,0,2097152,63712,1448,0,0,0,3073,7234275,0,594086795,594149059,862.125707,3,0,1448,0,0,0,0,0,62264,104256,0x208,34,3,299,432761,0,121000,603531780,0,121,81,6089,84,5943,84,5943,85,7214003,862008690,2,3,0,0,0,0,0,6089,0,1,13,0,0,6019403,859722,371945,320,460,1,0,0,1,170864,0,848699681,2890,1895,7761,7,0,62264,0,1,0,0,1,6089,6089,3,603546022,0
06:57:45,6052,0,49669->443,RECOVERED:0x2ba0a4bc8030,602426,1448,162176,812416,63712,122,4,200,0,2097152,85432,1448,0,0,0,3131,7410931,0,594263451,594321371,862.440716,3,0,1448,0,0,0,0,0,57920,104256,0x208,35,3,300,434209,0,121000,603531780,0,118,86,6980,86,6980,86,6980,86,7329843,862325699,2,3,1,0,0,0,0,6980,0,1,14,0,0,6019403,859722,371945,256,460,1,0,2,1,178104,0,848699681,2934,1895,7926,8,0,70952,0,1,0,0,1,6933,6882,3,603546022,0
06:57:45,6316,0,49669->443,RECOVERED:0x2ba0a4bc8030,1506066,1448,209960,807808,63712,122,2,200,0,2097152,63712,1448,0,0,0,3259,7764243,0,594616763,594679027,863.116690,3,0,1448,0,0,0,0,0,62264,147696,0x208,36,3,305,441449,0,121000,603531780,0,120,86,6980,89,6712,89,6712,91,7709219,863072700,2,3,0,0,0,0,0,6980,0,1,2,0,0,7576003,862752,434209,640,512,1,0,0,1,195480,0,848699681,2934,2318,8313,3,1,62264,0,1,0,0,0,6980,6980,0,603547513,0
06:57:45,6475,0,49669->443,RECOVERED:0x2ba0a4bc8030,605274,1448,212856,790912,63712,122,2,200,0,2097152,72400,1448,0,0,0,3373,7968411,0,594820931,594883195,863.479710,3,0,1448,0,0,0,0,0,62264,150592,0x208,37,3,308,445793,0,121000,603531780,0,120,93,7013,93,7013,93,7013,93,7942347,863439702,2,3,0,0,0,0,0,7013,0,1,4,0,0,7576003,862752,434209,256,512,1,0,3,1,209960,0,848699681,2934,2388,8563,5,1,88328,0,1,0,0,0,7013,7004,0,603547513,0
06:57:45,6763,0,49669->443,RECOVERED:0x2ba0a4bc8030,756593,1448,72400,822528,63712,122,2,200,0,2097152,75296,1448,0,0,0,3424,8360819,0,595213339,595275603,864.175693,3,0,1448,0,0,0,0,0,62264,10136,0x208,38,3,309,447241,0,121000,603531780,0,120,93,7013,97,6712,97,6712,97,8289867,864057710,2,3,1,0,0,0,0,7013,0,1,8,0,0,7576003,862752,434209,320,512,1,0,0,1,212856,0,848699681,2934,2435,8883,9,1,62264,0,1,0,0,0,7013,7013,0,603547513,0
06:57:45,6912,0,49669->443,RECOVERED:0x2ba0a4bc8030,606741,1448,97016,795136,63712,127,5,200,0,2097152,78192,1448,0,0,0,3492,8551955,0,595404475,595465291,864.512693,3,0,1448,0,0,0,0,0,60816,36200,0x208,39,3,311,450137,0,121000,603531780,0,122,99,7030,99,7030,99,7030,100,8547611,864505686,2,3,0,0,0,0,0,7030,0,1,11,0,0,7576003,862752,434209,256,512,1,0,3,1,212856,0,848699681,2461,2466,9082,2,0,78192,0,1,0,0,0,7030,7028,0,603547513,0
06:57:45,7008,0,49669->443,RECOVERED:0x2ba0a4bc8030,606741,1448,72400,822528,63712,123,1,200,0,2097152,75296,1448,0,0,0,3542,8667795,0,595520315,595581131,864.733668,3,0,1448,0,0,0,0,0,60816,11584,0x208,40,3,312,451585,0,121000,603531780,0,122,99,7030,99,7030,99,7030,100,8596843,864628687,2,3,1,0,0,0,0,7030,0,1,11,0,0,7576003,862752,434209,256,512,1,0,4,1,212856,0,848699681,2511,2466,9215,2,0,78192,0,1,0,0,0,7030,7030,0,603547513,0
06:57:45,7095,0,49669->443,RECOVERED:0x2ba0a4bc8030,606741,1448,70952,824064,63712,123,1,200,0,2097152,73848,1448,0,0,0,3591,8770603,0,595623123,595683939,864.931696,3,0,1448,0,0,0,0,0,60816,10136,0x208,41,3,313,453033,0,121000,603531780,0,122,99,7030,99,7030,99,7030,101,8701099,864872686,2,3,1,0,0,0,0,7030,0,1,12,0,0,7576003,862752,434209,256,512,1,0,6,1,212856,0,848699681,2549,2466,9337,3,0,78192,0,1,0,0,0,7030,7030,0,603547513,0
06:57:45,7233,0,49669->443,RECOVERED:0x2ba0a4bc8030,758427,1448,105704,806784,63712,123,2,200,0,2097152,63712,1448,0,0,0,3652,8944363,0,595796883,595859147,865.271737,3,0,1448,0,0,0,0,0,62264,43440,0x208,42,3,316,457377,0,121000,603531780,0,121,99,7030,103,6578,103,6578,104,8928435,865119680,2,3,0,0,0,0,0,7030,0,1,15,0,0,7576003,862752,434209,320,512,1,0,0,1,212856,0,848699681,2590,2466,9525,6,0,62264,0,1,0,0,0,7030,7030,0,603547513,0
06:57:45,7477,0,49669->443,RECOVERED:0x2ba0a4bc8030,567730,1448,186792,897792,63712,123,1,200,0,2097152,1448,1448,0,0,0,3834,9258579,0,596111099,596173363,865.914676,3,0,0,0,0,0,0,0,62264,124528,0x208,43,3,326,471857,0,121000,603531780,0,122,103,6578,106,5819,106,5819,108,9242651,865842684,2,3,0,0,0,0,0,6578,0,1,2,0,0,9135499,865662,466065,256,460,1,0,6,1,212856,0,848699681,3174,3217,9965,1,1,69504,0,1,0,0,0,6578,6578,1,603549981,0
06:57:45,7682,0,49669->443,RECOVERED:0x2ba0a4bc8030,567730,1448,186792,810112,63712,123,4,200,0,2097152,62264,1448,0,0,0,3973,9525011,0,596377531,596439795,866.451698,3,0,1448,0,0,0,0,0,62264,124528,0x208,44,3,332,480545,0,121000,603531780,0,119,103,6578,109,6153,110,5823,112,9510531,866383696,2,3,0,0,0,0,0,6578,0,1,6,0,0,9135499,865662,466065,256,460,1,0,3,1,186792,0,848699681,3174,3291,10245,6,1,60816,0,1,0,0,0,6578,6578,1,603549981,0
06:57:45,7807,0,49669->443,RECOVERED:0x2ba0a4bc8030,531050,1448,173760,822656,63712,122,2,200,0,2097152,63712,1448,0,0,0,4050,9684291,0,596536811,596597627,866.767687,3,0,1448,0,0,0,0,0,60816,112944,0x208,45,3,335,484889,0,121000,603531780,0,120,109,6153,112,5861,114,5820,114,9635059,866757685,2,3,0,0,0,0,0,6153,0,1,8,0,0,9135499,865662,466065,256,460,1,0,6,1,186792,0,848699681,3174,3808,10432,8,1,60816,0,1,0,0,0,6153,6169,1,603549981,0
06:57:45,7925,0,49669->443,RECOVERED:0x2ba0a4bc8030,613107,1448,160728,814848,63712,123,3,200,0,2097152,59368,1448,0,0,0,4127,9829091,0,596681611,596743875,867.069682,3,0,1448,0,0,0,0,0,62264,98464,0x208,46,3,340,492129,0,121000,603531780,0,120,116,5683,116,5683,116,5683,116,9776963,867004686,2,3,0,0,0,0,0,5683,0,1,10,0,0,9135499,865662,466065,320,460,1,0,0,1,173760,0,848699681,4521,4643,10613,0,0,62264,0,1,0,0,0,5683,5656,2,603551421,0
06:57:45,8032,0,49669->443,RECOVERED:0x2ba0a4bc8030,576965,1448,144800,821120,63712,123,1,200,0,2097152,76744,1448,0,0,0,4180,9942035,0,596794555,596852475,867.281693,3,0,1448,0,0,0,0,0,57920,86880,0x208,47,3,341,493577,0,121000,603531780,0,122,117,6685,117,6685,117,6685,117,9869635,867174699,2,3,1,0,0,0,0,6685,0,1,11,0,0,9135499,865662,466065,256,460,1,0,2,1,160728,0,848699681,4521,4643,10731,1,0,62264,0,1,0,0,8,6606,6433,2,603551421,0
06:57:45,8323,0,49669->443,RECOVERED:0x2ba0a4bc8030,642451,1448,169416,822784,63712,122,1,200,0,2097152,62264,1448,0,0,0,4373,10315619,0,597168139,597230403,868.058703,3,0,1448,0,0,0,0,0,62264,107152,0x208,48,3,353,510953,0,121000,603531780,0,121,121,5955,121,5955,121,5955,123,10295347,867908701,2,3,0,0,0,0,0,5955,0,0,0,0,0,10295347,868020,510953,320,460,1,0,0,1,186792,0,848699681,4521,4643,11195,8,0,62264,0,1,0,0,8,5955,5970,3,603552454,0
06:57:45,8416,0,49669->443,RECOVERED:0x2ba0a4bc8030,513961,1448,169416,827520,63712,122,1,200,0,2097152,63712,1448,0,0,0,4452,10438699,0,597291219,597352035,868.308702,3,0,1448,0,0,0,0,0,60816,108600,0x208,49,3,356,515297,0,121000,603531780,0,121,121,5955,124,5746,124,5746,124,10386571,868201704,2,3,0,0,0,0,0,5955,0,1,1,0,0,10324307,868075,510953,256,460,1,0,3,1,169416,0,848699681,4521,4643,11358,9,0,59368,0,1,0,0,8,5955,5955,3,603552454,0
06:57:45,8530,0,49669->443,RECOVERED:0x2ba0a4bc8030,513961,1448,123080,832640,63712,122,1,200,0,2097152,65160,1448,0,0,0,4494,10558883,0,597411403,597472219,868.555706,3,0,1448,0,0,0,0,0,60816,62264,0x208,50,3,357,516745,0,121000,603531780,0,121,121,5955,125,5787,125,5787,125,10498067,868445691,2,3,1,0,0,0,0,5955,0,1,2,0,0,10324307,868075,510953,256,460,1,0,5,1,169416,0,848699681,4521,4442,11484,0,1,59368,0,1,0,0,8,5955,5955,3,603552454,0
06:57:45,8742,0,49669->443,RECOVERED:0x2ba0a4bc8030,604411,1448,150592,818176,63712,122,3,200,0,2097152,79640,1448,0,0,0,4547,10842691,0,597695211,597753131,869.094680,3,0,1448,0,0,0,0,0,57920,92672,0x208,51,3,358,518193,0,121000,603531780,0,119,129,7003,129,7003,129,7003,129,10767395,868982695,2,3,1,0,0,0,0,7003,0,1,6,0,0,10324307,868075,510953,256,460,1,0,2,1,169416,0,848699681,4521,4482,11724,4,1,68056,0,1,0,0,8,6910,6782,3,603552454,0
06:57:45,9091,0,49669->443,RECOVERED:0x2ba0a4bc8030,1511029,1448,212856,807808,63712,122,2,200,0,2097152,63712,1448,0,0,0,4684,11313291,0,598165811,598228075,869.999689,3,0,1448,0,0,0,0,0,62264,150592,0x208,52,3,368,532673,0,121000,603531780,0,120,129,7003,133,6712,136,5818,136,11301707,869876669,2,3,0,0,0,0,0,7003,0,1,13,0,0,10324307,868075,510953,640,512,1,0,1,1,195480,0,848699681,3314,4482,12196,1,0,62264,0,1,0,0,6,7003,7003,0,603554146,0
06:57:45,9687,0,49669->443,RECOVERED:0x2ba0a4bc8030,605533,1448,188240,806656,63712,156,17,224,0,2097152,70952,1448,0,0,0,5102,12015571,0,598868091,598930355,871.439685,3,0,1448,0,0,0,0,0,62264,125976,0x208,55,5,529,765801,0,121000,603531780,0,139,140,7016,140,7016,140,7016,142,12012675,871420671,2,3,0,0,0,0,0,7016,0,1,4,0,0,11694115,870780,655753,256,460,1,0,3,1,195480,0,848699681,3426,3534,13038,4,1,76744,0,1,0,0,1,7016,7016,1,603555423,0
06:57:45,9797,0,49669->443,RECOVERED:0x2ba0a4bc8030,605533,1448,195480,807808,63712,126,1,200,0,2097152,63712,1448,0,0,0,5168,12150235,0,599002755,599065019,871.709697,3,0,1448,0,0,0,0,0,62264,133216,0x208,56,5,532,770145,0,121000,603531780,0,125,140,7016,143,5819,143,5819,143,12121275,871666715,2,3,0,0,0,0,0,7016,0,1,1,0,5654,12053219,871516,765801,256,460,1,0,5,1,195480,0,848699681,3426,3590,13203,5,1,76744,0,1,0,0,1,7016,7016,1,603555423,0
06:57:45,9941,0,49669->443,RECOVERED:0x2ba0a4bc8030,655613,1448,170864,812544,63712,123,1,200,0,2097152,60816,1448,0,0,0,5238,12315307,0,599167827,599227195,872.038714,3,0,1448,0,0,0,0,0,59368,111496,0x208,57,5,539,780281,0,121000,603531780,0,122,144,6077,144,6077,144,6077,145,12279107,872034714,2,3,0,0,0,0,0,6077,0,1,3,0,5654,12053219,871516,765801,320,460,1,0,0,1,195480,0,848699681,3426,5081,13389,7,1,76744,0,1,0,0,1,6077,6084,2,603556427,0
06:57:45,9998,0,49669->443,RECOVERED:0x2ba0a4bc8030,655613,1448,123080,832640,63712,123,1,200,0,2097152,65160,1448,0,0,0,5285,12384811,0,599237331,599299595,872.181700,3,0,1448,0,0,0,0,0,62264,60816,0x208,58,5,540,781729,0,121000,603531780,0,122,144,6077,144,6077,144,6077,145,12323995,872034714,2,3,1,0,0,0,0,6077,0,1,3,0,5654,12053219,871516,765801,320,460,1,0,0,1,170864,0,848699681,3426,5081,13478,7,1,62264,0,1,0,0,1,6077,6077,2,603556427,0
06:57:45,10055,0,49669->443,RECOVERED:0x2ba0a4bc8030,524490,1448,124528,831232,63712,123,1,200,0,2097152,66608,1448,0,0,0,5328,12458659,0,599311179,599370547,872.326700,3,0,1448,0,0,0,0,0,59368,65160,0x208,59,5,541,783177,0,121000,603531780,0,122,144,6077,144,6077,144,6077,146,12396395,872324705,2,3,1,0,0,0,0,6077,0,1,4,0,5654,12053219,871516,765801,256,460,1,0,3,1,170864,0,848699681,3426,5081,13573,8,1,60816,0,1,0,0,1,6077,6077,2,603556427,0
06:57:45,10180,0,49669->443,RECOVERED:0x2ba0a4bc8030,524490,1448,170864,810112,63712,124,2,200,0,2097152,62264,1448,0,0,0,5394,12612147,0,599464667,599522587,872.642711,3,0,1448,0,0,0,0,0,57920,112944,0x208,60,5,546,790417,0,121000,603531780,0,122,144,6077,147,5953,147,5953,148,12578843,872573724,2,3,0,0,0,0,0,6077,0,1,6,0,5654,12053219,871516,765801,256,460,1,0,5,1,170864,0,848699681,5077,5081,13748,0,0,60816,0,1,0,0,1,6077,6077,2,603556427,0
06:57:45,10252,0,49669->443,RECOVERED:0x2ba0a4bc8030,524490,1448,123080,834176,63712,122,1,200,0,2097152,60816,1448,0,0,0,5438,12691787,0,599544307,599606571,872.813663,3,0,1448,0,0,0,0,0,62264,60816,0x208,61,5,548,793313,0,121000,603531780,0,121,144,6077,147,5953,147,5953,148,12632419,872697692,2,3,1,0,0,0,0,6077,0,1,6,0,5654,12053219,871516,765801,256,460,1,0,6,1,170864,0,848699681,5119,5081,13846,0,0,60816,0,1,0,0,1,6077,6077,2,603556427,0
06:57:45,10347,0,49669->443,RECOVERED:0x2ba0a4bc8030,642235,1448,169416,807808,63712,123,2,200,0,2097152,63712,1448,0,0,0,5502,12811971,0,599664491,599726755,873.055675,3,0,1448,0,0,0,0,0,62264,107152,0x208,62,5,551,797657,0,121000,603531780,0,121,147,5953,150,5819,150,5819,150,12781563,872945705,2,3,0,0,0,0,0,5953,0,1,8,0,5654,12053219,871516,765801,320,460,1,0,0,1,170864,0,848699681,5352,5081,13992,2,0,62264,0,1,0,0,1,5953,5956,3,603557464,0
06:57:45,10462,0,49669->443,RECOVERED:0x2ba0a4bc8030,534588,1448,173760,812544,63712,122,2,200,0,2097152,60816,1448,0,0,0,5565,12949531,0,599802051,599861419,873.334704,3,0,1448,0,0,0,0,0,59368,114392,0x208,63,5,556,804897,0,121000,603531780,0,120,151,6194,151,6194,151,6194,152,12927811,873288766,2,3,0,0,0,0,0,6194,0,1,10,0,5654,12053219,871516,765801,256,460,1,0,3,1,169416,0,848699681,5395,5081,14151,4,0,65160,0,1,0,0,1,6194,6161,3,603557464,0
06:57:45,10530,0,49669->443,RECOVERED:0x2ba0a4bc8030,534588,1448,154936,816768,63712,122,1,200,0,2097152,62264,1448,0,0,0,5621,13036411,0,599888931,599949747,873.517704,3,0,1448,0,0,0,0,0,60816,94120,0x208,64,5,559,809241,0,121000,603531780,0,121,151,6194,151,6194,151,6194,153,13019035,873412754,2,3,0,0,0,0,0,6194,0,1,11,0,5654,12053219,871516,765801,256,460,1,0,4,1,173760,0,848699681,5395,5081,14264,5,0,65160,0,1,0,0,1,6194,6194,3,603557464,0
06:57:45,10623,0,49669->443,RECOVERED:0x2ba0a4bc8030,534588,1448,123080,832640,63712,122,2,200,0,2097152,65160,1448,0,0,0,5666,13145011,0,599997531,600059795,873.737668,3,0,1448,0,0,0,0,0,62264,60816,0x208,65,5,560,810689,0,121000,603531780,0,120,151,6194,154,5832,154,5832,154,13084195,873660691,2,3,1,0,0,0,0,6194,0,1,12,0,5654,12053219,871516,765801,256,460,1,0,6,1,173760,0,848699681,5395,5081,14381,6,0,65160,0,1,0,0,1,6194,6194,3,603557464,0
06:57:45,10820,0,49669->443,RECOVERED:0x2ba0a4bc8030,1499161,1448,209960,817280,63712,123,3,200,0,2097152,57920,1448,0,0,0,5748,13408547,0,600261067,600323331,874.247703,3,0,1448,0,0,0,0,0,62264,147696,0x208,66,5,564,816481,0,121000,603531780,0,120,157,6948,157,6948,157,6948,158,13366555,874177711,2,3,0,0,0,0,0,6948,0,1,16,0,5654,12053219,871516,765801,640,512,1,0,3,1,173760,0,848699681,5395,4074,14650,0,1,62264,0,1,0,0,8,6948,6928,0,603558646,0
06:57:45,12097,0,49669->443,RECOVERED:0x2ba0a4bc8030,571873,1448,186792,1227648,63712,122,1,200,0,2097152,63712,1448,0,0,0,6629,15027411,0,601879931,601942195,877.142704,3,0,1448,0,0,0,0,0,62264,124528,0x208,68,7,734,1062641,0,121000,603531780,0,121,166,7013,168,6711,172,6361,173,14982523,877132704,2,3,0,0,0,0,0,7013,0,1,6,1,6626,14050011,875399,926529,256,460,1,0,2,1,186792,0,848699681,5421,5118,16648,5,0,85432,0,1,0,0,1,7013,7013,1,603559782,0
06:57:45,12208,0,49669->443,RECOVERED:0x2ba0a4bc8030,571873,1448,131768,1242496,63712,122,1,200,0,2097152,69504,1448,0,0,0,6676,15140355,0,601992875,602055139,877.362713,3,0,1448,0,0,0,0,0,62264,69504,0x208,69,7,735,1064089,0,121000,603531780,0,121,166,7013,168,6711,172,6361,174,15075195,877255705,2,3,1,0,0,0,0,7013,0,1,7,1,6626,14050011,875399,926529,256,460,1,0,3,1,186792,0,848699681,5459,5118,16769,6,0,85432,0,1,0,0,1,7013,7013,1,603559782,0
06:57:45,12297,0,49669->443,RECOVERED:0x2ba0a4bc8030,571873,1448,143352,1238272,63712,122,2,200,0,2097152,63712,1448,0,0,0,6725,15243163,0,602095683,602156499,877.571696,3,0,1448,0,0,0,0,0,60816,82536,0x208,70,7,738,1068433,0,121000,603531780,0,120,166,7013,168,6711,172,6361,176,15238819,877501690,2,3,0,0,0,0,0,7013,0,1,9,1,6626,14050011,875399,926529,256,460,1,0,5,1,186792,0,848699681,5497,5118,16893,8,0,85432,0,1,0,0,1,7013,7013,1,603559782,0
06:57:45,12460,0,49669->443,RECOVERED:0x2ba0a4bc8030,571873,1448,186792,1248384,63712,122,1,200,0,2097152,63712,1448,0,0,0,6846,15451675,0,602304195,602366459,877.994685,3,0,1448,0,0,0,0,0,62264,124528,0x208,71,7,742,1074225,0,121000,603531780,0,121,172,6361,178,5819,178,5817,178,15399547,877869699,2,3,0,0,0,0,0,6361,0,1,11,1,6626,14050011,875399,926529,256,460,1,0,0,1,186792,0,848699681,5597,5596,17158,0,1,85432,0,1,0,0,1,6361,6361,2,603562274,0
06:57:45,12591,0,49669->443,RECOVERED:0x2ba0a4bc8030,571873,1448,186792,1248384,63712,123,3,200,0,2097152,63712,1448,0,0,0,6928,15626883,0,602479403,602541667,878.339705,3,0,1448,0,0,0,0,0,62264,124528,0x208,72,7,745,1078569,0,121000,603531780,0,120,172,6361,179,5954,180,5818,180,15571859,878244703,2,3,0,0,0,0,0,6361,0,1,13,1,6626,14050011,875399,926529,256,460,1,0,3,1,186792,0,848699681,5597,5662,17361,2,1,85432,0,1,0,0,1,6361,6361,2,603562274,0
06:57:45,12690,0,49669->443,RECOVERED:0x2ba0a4bc8030,571873,1448,186792,1248384,63712,123,1,200,0,2097152,63712,1448,0,0,0,7011,15757203,0,602609723,602671987,878.602711,3,0,1448,0,0,0,0,0,62264,124528,0x208,73,7,748,1082913,0,121000,603531780,0,122,172,6361,179,5954,180,5896,182,15700731,878492710,2,3,0,0,0,0,0,6361,0,1,15,1,6626,14050011,875399,926529,256,460,1,0,5,1,186792,0,848699681,5597,5731,17534,4,1,85432,0,1,0,0,1,6361,6361,2,603562274,0
06:57:45,12909,0,49669->443,RECOVERED:0x2ba0a4bc8030,571873,1448,134664,1241088,63712,123,2,200,0,2097152,70952,1448,0,0,0,7060,16029427,0,602881947,602944211,879.112712,3,0,1448,0,0,0,0,0,62264,72400,0x208,74,7,749,1084361,0,121000,603531780,0,121,185,6393,185,6393,185,6393,185,15962819,879106706,2,3,1,0,0,0,0,6393,0,1,18,1,6626,14050011,875399,926529,256,460,1,0,2,1,186792,0,848699681,5597,5769,17765,7,1,85432,0,1,0,0,1,6393,6393,2,603562274,0
06:57:45,13003,0,49669->443,RECOVERED:0x2ba0a4bc8030,571873,1448,131768,1242496,63712,122,2,200,0,2097152,69504,1448,0,0,0,7106,16142371,0,602994891,603057155,879.331707,3,0,1448,0,0,0,0,0,62264,69504,0x208,75,7,750,1085809,0,121000,603531780,0,120,185,6393,185,6393,185,6393,186,16077211,879227722,2,3,1,0,0,0,0,6393,0,1,19,1,6626,14050011,875399,926529,256,460,1,0,3,1,186792,0,848699681,5597,5803,17891,8,1,85432,0,1,0,0,1,6393,6393,2,603562274,0
06:57:45,13131,0,49669->443,RECOVERED:0x2ba0a4bc8030,571873,1448,186792,1249792,63712,123,4,200,0,2097152,62264,1448,0,0,0,7187,16301651,0,603154171,603216435,879.649690,3,0,1448,0,0,0,0,0,62264,124528,0x208,76,7,754,1091601,0,121000,603531780,0,119,185,6393,188,5820,188,5820,188,16249523,879598693,2,3,0,0,0,0,0,6393,0,1,21,1,6626,14050011,875399,926529,256,460,1,0,6,1,185344,0,848699681,5870,5870,18088,0,0,85432,0,1,0,0,1,6393,6393,3,603563969,0
06:57:45,13228,0,49669->443,RECOVERED:0x2ba0a4bc8030,571873,1448,186792,1230720,63712,122,1,200,0,2097152,63712,1448,0,0,0,7262,16423283,0,603275803,603338067,879.895661,3,0,1448,0,0,0,0,0,62264,124528,0x208,77,7,757,1095945,0,121000,603531780,0,121,185,6393,188,5954,188,5954,190,16381291,879842688,2,3,0,0,0,0,0,6393,0,1,23,1,6626,14050011,875399,926529,256,460,1,0,0,1,186792,0,848699681,5931,5870,18245,2,0,85432,0,1,0,0,1,6393,6393,3,603563969,0
06:57:45,13286,0,49669->443,RECOVERED:0x2ba0a4bc8030,571873,1448,127424,1244032,63712,122,1,200,0,2097152,65160,1448,0,0,0,7308,16495683,0,603348203,603410467,880.042685,3,0,1448,0,0,0,0,0,62264,65160,0x208,78,7,759,1098841,0,121000,603531780,0,121,185,6393,188,5954,188,5954,190,16431971,879964718,2,3,1,0,0,0,0,6393,0,1,23,1,6626,14050011,875399,926529,256,460,1,0,1,1,186792,0,848699681,5969,5870,18339,2,0,85432,0,1,0,0,1,6393,6393,3,603563969,0
06:57:45,13398,0,49669->443,RECOVERED:0x2ba0a4bc8030,571873,1448,172312,1229952,63712,123,4,200,0,2097152,62264,1448,0,0,0,7365,16633243,0,603485763,603548027,880.321686,3,0,1448,0,0,0,0,0,62264,110048,0x208,79,7,763,1104633,0,121000,603531780,0,119,185,6393,191,5987,192,5819,192,16617315,880215719,2,3,0,0,0,0,0,6393,0,1,25,1,6626,14050011,875399,926529,256,460,1,0,3,1,186792,0,848699681,6009,5870,18494,4,0,85432,0,1,0,0,1,6393,6393,3,603563969,0
06:57:45,13495,0,49669->443,RECOVERED:0x2ba0a4bc8030,571873,1448,196928,1232384,63712,123,1,200,0,2097152,60816,1448,0,0,0,7440,16756323,0,603608843,603671107,880.576678,3,0,1448,0,0,0,0,0,62264,134664,0x208,80,7,770,1114769,0,121000,603531780,0,122,185,6393,191,5987,193,5822,193,16705643,880459721,2,3,0,0,0,0,0,6393,0,1,26,1,6626,14050011,875399,926529,256,512,1,0,5,1,186792,0,848699681,6072,5870,18655,5,0,85432,0,1,0,0,1,6393,6393,0,603564976,0
06:57:45,13611,0,49669->443,RECOVERED:0x2ba0a4bc8030,571873,1448,144800,1229952,63712,123,1,200,0,2097152,62264,1448,0,0,0,7513,16889539,0,603742059,603802875,880.847688,3,0,1448,0,0,0,0,0,60816,83984,0x208,81,7,775,1122009,0,121000,603531780,0,122,185,6393,191,5987,193,5839,195,16848995,880826690,2,3,0,0,0,0,0,6393,0,1,28,1,6626,14050011,875399,926529,256,512,1,0,0,1,201272,0,848699681,6123,5870,18817,7,0,85432,0,1,0,0,1,6393,6393,0,603564976,0
06:57:45,13871,0,49669->443,RECOVERED:0x2ba0a4bc8030,571873,1448,201272,1312000,63712,122,1,200,0,2097152,2896,1448,0,0,0,7615,17169003,0,604021523,604082339,881.399707,3,0,0,0,0,0,0,0,60816,140456,0x208,82,7,779,1127801,0,121000,603531780,0,121,197,6366,197,6366,197,6366,199,17112531,881316716,2,3,0,0,0,0,0,6366,0,1,32,1,6626,14050011,875399,926529,256,512,1,0,4,1,201272,0,848699681,6199,6241,19150,1,1,85432,0,1,0,0,1,6366,6366,0,603564976,0
06:57:45,14038,0,49669->443,RECOVERED:0x2ba0a4bc8030,571873,1448,186792,1244288,63712,122,4,200,0,2097152,60816,1448,0,0,0,7697,17405027,0,604257547,604319811,881.862684,3,0,1448,0,0,0,0,0,62264,124528,0x208,83,7,784,1135041,0,121000,603531780,0,118,201,6242,201,6242,201,6242,202,17350003,881808686,2,3,0,0,0,0,0,6242,0,1,35,1,6626,14050011,875399,926529,256,460,1,0,0,1,201272,0,848699681,6199,6263,19356,4,1,85432,0,1,0,0,1,6242,6245,1,603566264,0
06:57:45,14403,0,49669->443,RECOVERED:0x2ba0a4bc8030,571873,1448,186792,1312000,63712,122,1,200,0,2097152,2896,1448,0,0,0,7971,17885763,0,604738283,604799099,882.859680,3,0,0,0,0,0,0,0,60816,125976,0x208,84,7,801,1159657,0,121000,603531780,0,121,201,6242,210,5954,210,5953,210,17837979,882790683,2,3,0,0,0,0,0,6242,0,1,43,1,6626,14050011,875399,926529,256,460,1,0,0,1,185344,0,848699681,6519,6438,20003,2,0,85432,0,1,0,0,1,6242,6242,1,603566264,0
06:57:45,14463,0,49669->443,RECOVERED:0x2ba0a4bc8030,571873,1448,125976,1245440,63712,122,3,200,0,2097152,66608,1448,0,0,0,8015,17969747,0,604822267,604884531,883.028698,3,0,1448,0,0,0,0,0,62264,63712,0x208,85,7,802,1161105,0,121000,603531780,0,119,201,6242,210,5954,211,5913,211,17907483,882911686,2,3,1,0,0,0,0,6242,0,1,44,1,6626,14050011,875399,926529,256,460,1,0,1,1,186792,0,848699681,6519,6438,20062,3,0,85432,0,1,0,0,1,6242,6242,1,603566264,0
06:57:45,14534,0,49669->443,RECOVERED:0x2ba0a4bc8030,571873,1448,125976,1245440,63712,122,1,200,0,2097152,66608,1448,0,0,0,8060,18052283,0,604904803,604967067,883.191690,3,0,1448,0,0,0,0,0,62264,63712,0x208,86,7,803,1162553,0,121000,603531780,0,121,210,5954,211,5913,212,5874,212,17990019,883156666,2,3,1,0,0,0,0,5954,0,1,45,1,6626,14050011,875399,926529,256,460,1,0,3,1,186792,0,848699681,6551,6438,20164,4,0,85432,0,1,0,0,1,5954,5955,1,603566264,0
06:57:45,14773,0,49669->443,RECOVERED:0x2ba0a4bc8030,679024,1448,189688,1246848,63712,122,2,200,0,2097152,65160,1448,0,0,0,8194,18372291,0,605224811,605287075,883.823691,3,0,1448,0,0,0,0,0,62264,127424,0x208,87,7,808,1169793,0,121000,603531780,0,120,214,6294,217,5818,217,5818,217,18366499,883808692,2,3,0,0,0,0,0,6294,0,1,2,0,0,18243419,883565,1165449,320,512,1,0,0,1,186792,0,848699681,7350,7346,20521,0,1,62264,0,1,0,0,0,6294,6294,0,603568089,0
06:57:45,14972,0,49669->443,RECOVERED:0x2ba0a4bc8030,1459244,1448,205616,1229952,63712,122,3,200,0,2097152,62264,1448,0,0,0,8306,18628587,0,605481107,605543371,884.329700,3,0,1448,0,0,0,0,0,62264,143352,0x208,88,7,817,1182825,0,121000,603531780,0,119,218,6763,218,6763,218,6763,220,18592387,884126734,2,3,0,0,0,0,0,6763,0,1,5,0,0,18243419,883565,1165449,640,512,1,0,3,1,189688,0,848699681,7350,7390,20812,6,1,62264,0,1,0,0,7,6763,6763,0,603568089,0
06:57:45,15481,0,49669->443,RECOVERED:0x2ba0a4bc8030,756809,1448,195480,1080064,63712,218,30,338,0,2097152,194032,1448,0,0,0,8599,19245435,0,606097955,606160219,885.499693,3,0,1448,0,0,0,0,0,62264,133216,0x208,90,8,903,1307353,0,121000,603531780,0,188,221,7015,224,5819,224,5819,224,19233851,885105677,2,3,0,0,0,0,0,7015,0,1,10,0,0,18243419,883565,1165449,320,460,1,0,0,1,195480,0,848699681,6037,7390,21422,0,0,62264,0,1,0,0,5,7015,7015,1,603569209,0
06:57:45,16035,0,49669->443,RECOVERED:0x2ba0a4bc8030,606396,1448,198376,1312000,63712,125,4,200,0,2097152,1448,1448,0,0,0,8935,19973779,0,606826299,606888563,886.869707,3,0,0,0,0,0,0,0,62264,136112,0x208,92,9,924,1337761,0,121000,603531780,0,121,226,7026,229,6688,232,5816,232,19917307,886850684,2,3,0,0,0,0,0,7026,0,1,2,0,0,19789883,886498,1320385,256,460,1,0,3,1,198376,0,848699681,6410,7390,22393,8,0,60816,0,1,0,0,5,7026,7026,2,603570441,0
06:57:45,16675,0,49669->443,RECOVERED:0x2ba0a4bc8030,632849,1448,152040,1231104,63712,122,2,200,0,2097152,63712,1448,0,0,0,9378,20832443,0,607684963,607747227,888.603702,3,0,1448,0,0,0,0,0,62264,89776,0x208,94,10,947,1371065,0,121000,603531780,0,120,237,5866,245,5831,245,5821,245,20819411,888428683,2,3,0,0,0,0,0,5866,0,1,16,0,0,19789883,886498,1320385,320,460,1,0,0,1,165072,0,848699681,9440,9392,23389,1,0,62264,0,1,0,0,5,5866,5866,3,603572105,0
06:57:45,16808,0,49669->443,RECOVERED:0x2ba0a4bc8030,1465286,1448,152040,1234688,63712,122,1,200,0,2097152,59368,1448,0,0,0,9445,20996067,21009099,607848587,607861619,888.928692,3,0,1448,0,0,0,0,0,13032,139008,0x248,95,10,951,1376857,0,121000,603531780,0,121,246,6791,246,6791,246,6791,247,20972899,888886689,2,3,0,0,0,0,0,6791,0,0,0,0,0,20980139,888898,1375409,640,512,1,0,3,1,169416,0,848699681,9482,9392,23572,3,0,14480,0,1,0,0,4,6790,6681,0,603573331,0
